Class Name;DefaultDisplayName;DefaultCategory;Behaviors;DisplayOrder;DefaultIconBlockOffset;DefaultIconViewOffset;DefaultIconViewScale;FirstPersonScale;FirstPersonOffset;FirstPersonRotation;InHandScale;InHandOffset;InHandRotation;CraftingId;DefaultCreativeData;IsCollidable;IsPlaceable;IsDiggingTransparent;IsPlacementTransparent;DefaultIsInteractive;IsEditable;IsNonDuplicable;IsGatherable;HasCollisionBehavior;KillsWhenStuck;IsFluidBlocker;IsTransparent;GenerateFacesForSameNeighbors;DefaultShadowStrength;LightAttenuation;DefaultEmittedLightAmount;ObjectShadowStrength;DefaultDropContent;DefaultDropCount;DefaultExperienceCount;RequiredToolLevel;MaxStacking;SleepSuitability;FrictionFactor;Density;NoAutoJump;NoSmoothRise;FuelHeatLevel;FuelFireDuration;DefaultSoundMaterialName;ShovelPower;QuarryPower;HackPower;DefaultMeleePower;DefaultMeleeHitProbability;DefaultProjectilePower;ToolLevel;PlayerLevelRequired;Durability;IsAimable;IsStickable;AlignToVelocity;ProjectileSpeed;ProjectileDamping;ProjectileTipOffset;DisintegratesOnHit;ProjectileStickProbability;DefaultHeat;FireDuration;ExplosionResilience;DefaultExplosionPressure;DefaultExplosionIncendiary;ExplosionKeepsPickables;DigMethod;DigResilience;ProjectileResilience;DefaultNutritionalValue;DefaultSicknessProbability;FoodType;DefaultRotPeriod;DefaultTextureSlot;DestructionDebrisScale;DefaultDescription
ItemsLauncherBlock;;Weapons;ItemsLauncherBlockBehavior;210;0,0,0;-1, 0.5, 0;0.4;0.4;0.6, -0.5, -0.6;40, 0, 0;0.4;0, 0.1, 0;90, 0, 0;itemslauncher;0;FALSE;FALSE;FALSE;TRUE;FALSE;TRUE;FALSE;FALSE;FALSE;FALSE;FALSE;FALSE;FALSE;15;0;0;0;;;;;1;0;1;3;FALSE;FALSE;0;0;;1;1;1;1;;1;1;;100;TRUE;FALSE;FALSE;0;;0;FALSE;0;;0;;;;;;;;;;;;211;1;
LavaSpearBlock;;Weapons;ThrowableBlockBehavior;199;0,0,0;-1, 0.5, 0;0.85;0.4;0.5, -0.5, -0.6;0, 40, 0;0.4;0,0.2,0;0, 0, 0;lavaspear;0;FALSE;FALSE;FALSE;TRUE;FALSE;FALSE;FALSE;FALSE;FALSE;FALSE;FALSE;FALSE;FALSE;15;0;0;0;;;;;1;0;1;1.5;FALSE;FALSE;0;0;;1;1;1;8;0.8;9;6;;480;TRUE;TRUE;TRUE;16;0.9;0.3;FALSE;0;;0;;;;;;;;;;;;211;1;
LavaMacheteBlock;;Weapons;;199;0,0,0;-1, 0.5, 0;0.85;0.4;0.5, -0.5, -0.6;0, 40, 0;0.4;0,0.2,0;0, 0, 0;lavamachete;0;FALSE;FALSE;FALSE;TRUE;FALSE;FALSE;FALSE;FALSE;FALSE;FALSE;FALSE;FALSE;FALSE;15;0;0;0;;;;;1;0;1;1.5;FALSE;FALSE;0;0;;1;1;7;8;0.8;9;6;;480;FALSE;FALSE;FALSE;0;0;0;FALSE;0;;0;;;;;;;;;;;;211;1;
LavaShovelBlock;;Tools;;199;0,0,0;-1, 0.5, 0;0.85;0.4;0.5, -0.5, -0.6;0, 40, 0;0.4;0,0.2,0;0, 90, 0;lavashovel;0;FALSE;FALSE;FALSE;TRUE;FALSE;FALSE;FALSE;FALSE;FALSE;FALSE;FALSE;FALSE;FALSE;15;0;0;0;;;;;1;0;1;1.5;FALSE;FALSE;0;0;;5;1.5;1.5;1.5;;1;6;;480;FALSE;FALSE;FALSE;0;0;0;FALSE;0;;0;;;;;;;;;;;;211;1;
LavaRakeBlock;;Tools;RakeBlockBehavior;199;0,0,0;-1, 0.5, 1;0.85;0.4;0.5, -0.5, -0.6;0, 40, 0;0.4;0,0.2,0;0, 90, 0;lavarake;0;FALSE;FALSE;FALSE;TRUE;FALSE;FALSE;FALSE;FALSE;FALSE;FALSE;FALSE;FALSE;FALSE;15;0;0;0;;;;;1;0;1;1.5;FALSE;FALSE;0;0;;1.5;1.5;1.5;1.5;;1;6;;480;FALSE;FALSE;FALSE;0;0;0;FALSE;0;;0;;;;;;;;;;;;211;1;
LavaPickaxeBlock;;Tools;;199;0,0,0;-1, 0.5, 0;0.85;0.4;0.5, -0.5, -0.6;0, 40, 0;0.4;0,0.2,0;0, 0, 0;lavapickaxe;0;FALSE;FALSE;FALSE;TRUE;FALSE;FALSE;FALSE;FALSE;FALSE;FALSE;FALSE;FALSE;FALSE;15;0;0;0;;;;;1;0;1;1.5;FALSE;FALSE;0;0;;1.5;15;1.5;1.5;;1;6;;480;FALSE;FALSE;FALSE;0;0;0;FALSE;0;;0;;;;;;;;;;;;211;1;
LavaHammerBlock;;Tools;;199;0,0,0;-1, 0.5, 1;0.85;0.4;0.5, -0.5, -0.6;0, 40, 0;0.4;0,0.2,0;0, 0, 0;lavahammer;0;FALSE;FALSE;FALSE;TRUE;FALSE;FALSE;FALSE;FALSE;FALSE;FALSE;FALSE;FALSE;FALSE;15;0;0;0;;;;;1;0;1;1.5;FALSE;FALSE;0;0;;1.5;1.5;1.5;1.5;;1;6;;480;FALSE;FALSE;FALSE;0;0;0;FALSE;0;;0;;;;;;;;;;;;211;1;
LavaAxeBlock;;Tools;;199;0,0,0;-1, 0.5, 0;0.85;0.4;0.5, -0.5, -0.6;0, 40, 0;0.4;0,0.2,0;0, 0, 0;lavaaxe;0;FALSE;FALSE;FALSE;TRUE;FALSE;FALSE;FALSE;FALSE;FALSE;FALSE;FALSE;FALSE;FALSE;15;0;0;0;;;;;1;0;1;1.5;FALSE;FALSE;0;0;;1.5;1.5;8;8;0.5;1;6;;480;FALSE;FALSE;FALSE;0;0;0;FALSE;0;;0;;;;;;;;;;;;211;1;
WoodAxeBlock;;Tools;;199;0,0,0;-1, 0.5, 0;0.85;0.4;0.5, -0.5, -0.6;0, 40, 0;0.4;0,0.2,0;0, 0, 0;woodaxe;0;FALSE;FALSE;FALSE;TRUE;FALSE;FALSE;FALSE;FALSE;FALSE;FALSE;FALSE;FALSE;FALSE;15;0;0;0;;;;;1;0;1;1.5;FALSE;FALSE;0;0;;1.2;3;2;2;0.4;1;1;;40;FALSE;FALSE;FALSE;0;0;0;FALSE;0;;0;;;;;;;;;;;;211;1;
WoodMacheteBlock;;Weapons;;199;0,0,0;-1, 0.5, 0;0.85;0.4;0.5, -0.5, -0.6;0, 40, 0;0.4;0,0.2,0;0, 0, 0;woodmachete;0;FALSE;FALSE;FALSE;TRUE;FALSE;FALSE;FALSE;FALSE;FALSE;FALSE;FALSE;FALSE;FALSE;15;0;0;0;;;;;1;0;1;1.5;FALSE;FALSE;0;0;;1;1;1;2;0.6;2;1;;25;FALSE;FALSE;FALSE;0;0;0;FALSE;0;;0;;;;;;;;;;;;211;1;
WoodPickaxeBlock;;Tools;;199;0,0,0;-1, 0.5, 0;0.85;0.4;0.5, -0.5, -0.6;0, 40, 0;0.4;0,0.2,0;0, 0, 0;woodpickaxe;0;FALSE;FALSE;FALSE;TRUE;FALSE;FALSE;FALSE;FALSE;FALSE;FALSE;FALSE;FALSE;FALSE;15;0;0;0;;;;;1;0;1;1.5;FALSE;FALSE;0;0;;1;6;1;1;;1;1;;30;FALSE;FALSE;FALSE;0;0;0;FALSE;0;;0;;;;;;;;;;;;211;1;
WoodShovelBlock;;Tools;;199;0,0,0;-1, 0.5, 0;0.85;0.4;0.5, -0.5, -0.6;0, 40, 0;0.4;0,0.2,0;0, 90, 0;woodshovel;0;FALSE;FALSE;FALSE;TRUE;FALSE;FALSE;FALSE;FALSE;FALSE;FALSE;FALSE;FALSE;FALSE;15;0;0;0;;;;;1;0;1;1.5;FALSE;FALSE;0;0;;1.5;1;1;1;;1;1;;25;FALSE;FALSE;FALSE;0;0;0;FALSE;0;;0;;;;;;;;;;;;211;1;
StoneShovelBlock;;Tools;;199;0,0,0;-1, 0.5, 0;0.85;0.4;0.5, -0.5, -0.6;0, 40, 0;0.4;0,0.2,0;0, 90, 0;stoneshovel;0;FALSE;FALSE;FALSE;TRUE;FALSE;FALSE;FALSE;FALSE;FALSE;FALSE;FALSE;FALSE;FALSE;15;0;0;0;;;;;1;0;1;1.5;FALSE;FALSE;0;0;;2;1.2;1.2;1.2;;1;2;;50;FALSE;FALSE;FALSE;0;0;0;FALSE;0;;0;;;;;;;;;;;;211;1;
StoneAxeOriginalBlock;;Tools;;199;0,0,0;-1, 0.5, 0;0.85;0.4;0.5, -0.5, -0.6;0, 40, 0;0.4;0,0.2,0;0, 0, 0;stoneaxeoriginal;0;FALSE;FALSE;FALSE;TRUE;FALSE;FALSE;FALSE;FALSE;FALSE;FALSE;FALSE;FALSE;FALSE;15;0;0;0;;;;;1;0;1;1.5;FALSE;FALSE;0;0;;1.5;4;2.5;2.5;0.45;1;2;;60;FALSE;FALSE;FALSE;0;0;0;FALSE;0;;0;;;;;;;;;;;;211;1;
StoneMacheteBlock;;Weapons;;199;0,0,0;-1, 0.5, 0;0.85;0.4;0.5, -0.5, -0.6;0, 40, 0;0.4;0,0.2,0;0, 0, 0;stonemachete;0;FALSE;FALSE;FALSE;TRUE;FALSE;FALSE;FALSE;FALSE;FALSE;FALSE;FALSE;FALSE;FALSE;15;0;0;0;;;;;1;0;1;1.5;FALSE;FALSE;0;0;;1;1;1;3;0.65;3;2;;50;FALSE;FALSE;FALSE;0;0;0;FALSE;0;;0;;;;;;;;;;;;211;1;
StoneRakeBlock;;Tools;RakeBlockBehavior;199;0,0,0;-1, 0.5, 1;0.85;0.4;0.5, -0.5, -0.6;0, 40, 0;0.4;0,0.2,0;0, 90, 0;stonerake;0;FALSE;FALSE;FALSE;TRUE;FALSE;FALSE;FALSE;FALSE;FALSE;FALSE;FALSE;FALSE;FALSE;15;0;0;0;;;;;1;0;1;1.5;FALSE;FALSE;0;0;;1;1;1;1;;1;2;;50;FALSE;FALSE;FALSE;0;0;0;FALSE;0;;0;;;;;;;;;;;;211;1;
StonePickaxeBlock;;Tools;;199;0,0,0;-1, 0.5, 0;0.85;0.4;0.5, -0.5, -0.6;0, 40, 0;0.4;0,0.2,0;0, 0, 0;stonepickaxe;0;FALSE;FALSE;FALSE;TRUE;FALSE;FALSE;FALSE;FALSE;FALSE;FALSE;FALSE;FALSE;FALSE;15;0;0;0;;;;;1;0;1;1.5;FALSE;FALSE;0;0;;1;8;1;1;;1;2;;60;FALSE;FALSE;FALSE;0;0;0;FALSE;0;;0;;;;;;;;;;;;211;1;
RepeatCrossbowBlock;;Weapons;RepeatCrossbowBlockBehavior;204;0,0,-0.2;-1, 1, 0;0.8;0.4;0.6, -0.5, -0.6;40, 0, 0;0.4;0, 0.1, 0;90, 0, 0;repeatcrossbow;0;FALSE;FALSE;FALSE;TRUE;FALSE;TRUE;FALSE;FALSE;FALSE;FALSE;FALSE;FALSE;FALSE;15;0;0;0;;;;;1;0;1;1.5;FALSE;FALSE;0;0;;1;1;1;1;;1;1;;90;TRUE;FALSE;FALSE;0;;0;FALSE;0;;0;;;;;;;;;;;;211;1;
RepeatArrowBlock;;Weapons;RepeatArrowBlockBehavior, ImpactExplosivesBlockBehavior;206;0,0,0;-1,0,0;0.8;0.4;0.5, -0.5, -0.6;0, 40, 0;0.4;0,0,0;0, 0, 0;repeatarrow;0;FALSE;FALSE;FALSE;TRUE;FALSE;FALSE;FALSE;FALSE;FALSE;FALSE;FALSE;FALSE;FALSE;15;0;0;0;;;;;24;0;1;1.5;FALSE;FALSE;0;0;;1;1;1;1;;1;1;;-1;FALSE;TRUE;TRUE;0;0.9;0.3;FALSE;0;;0;;;;;;;;;;;;211;1;
FlameThrowerBlock;;Weapons;;212;0,-0.2,0.2;-1, 1, 1;0.6;0.4;0.6, -0.5, -0.6;40, 0, 0;0.4;0, 0.1, 0;90, 0, 0;flamethrower;0;FALSE;FALSE;FALSE;TRUE;FALSE;TRUE;FALSE;FALSE;FALSE;FALSE;FALSE;FALSE;FALSE;15;0;0;0;;;;;1;0;1;3;FALSE;FALSE;0;0;;1;1;1;1;;1;1;;100;TRUE;FALSE;FALSE;0;;0;FALSE;0;;0;;;;;;;;;;;;;1;
FlameBulletBlock;;Weapons;ImpactExplosivesBlockBehavior;213;0,0,0;0, 0, 1;1;0.4;0.5, -0.5, -0.6;0,0,45;0.3;0,0,0;0, 0, 70;flamebullet;0;FALSE;FALSE;FALSE;TRUE;FALSE;FALSE;FALSE;FALSE;FALSE;FALSE;FALSE;FALSE;FALSE;15;0;0;0;;;;;24;0;1;3;FALSE;FALSE;0;0;;1;1;1;1;;1;1;;-1;FALSE;FALSE;FALSE;0;0.95;0;FALSE;0;;0;;;;;;;;;;;;;1;
ScyteBlock;;Weapons;;214;0,-0.4,0;-1, 0.5, 0.2;0.42;0.4;0.5, -0.5, -0.4;0, 10, 0;0.4;0,-0.23,0;0, 0, 0;scyte;0;FALSE;FALSE;FALSE;TRUE;FALSE;FALSE;FALSE;FALSE;FALSE;FALSE;FALSE;FALSE;FALSE;15;0;0;0;;;;;1;0;1;3;FALSE;FALSE;0;0;;1;1;1;20;0.8;1;3;;120;FALSE;FALSE;FALSE;0;;0;FALSE;0;;0;;;;FALSE;;;;;;;;211;1;
TridentBlock;;Weapons;;215;0,-0.5,0;-1, 0.5, 2;0.3;0.4;0.7, -1.5, -0.7;0, 10, 0;0.4;0,-0.23,0;0, 0, 0;trident;0;FALSE;FALSE;FALSE;TRUE;FALSE;FALSE;FALSE;FALSE;FALSE;FALSE;FALSE;FALSE;FALSE;15;0;0;0;;;;;1;0;1;3;FALSE;FALSE;0;0;;1;1;1;17;0.8;1;3;;120;FALSE;FALSE;FALSE;0;;0;FALSE;0;;0;;;;FALSE;;;;;;;;211;1;
RefrigeratorXiaomiBlock;;Items;ElectricBlockBehavior;300;0,0,0;1, 1, 1;1;0.4;0.5, -0.5, -0.6;0, 40, 0;0.3;0,0.12,0;0, 0, 45;refrigeratorxiaomi;0;TRUE;TRUE;FALSE;FALSE;TRUE;FALSE;FALSE;FALSE;FALSE;FALSE;TRUE;FALSE;FALSE;15;0;0;1;#;1;;0;1;0;1;10;FALSE;FALSE;0;0;Metal;1;1;1;1;;1;3;;-1;FALSE;FALSE;FALSE;0;;0;FALSE;0;;0;2000;;;;Quarry;24;1;;;;;;1;
BigStoneChunkBlock;;Terrain;ThrowableBlockBehavior;301;0,0,0;0, 0, 1;1;0.4;0.5, -0.5, -0.6;0, 40, 0;0.3;0,0.12,0;0, 0, 0;bigstonechunk;-1;TRUE;FALSE;FALSE;FALSE;FALSE;FALSE;FALSE;FALSE;FALSE;FALSE;TRUE;FALSE;FALSE;15;0;0;0;;1;;0;40;0;1;0.5;FALSE;FALSE;0;0;;1;1;1;1;;100;1;;-1;TRUE;FALSE;FALSE;20;0.8;0.1;TRUE;0;;0;;;;;;;1;;;;;66;1;
AirConditionerBlock;;Items;AirConditionerBlockBehavior;302;0,-0.3,0;1, 1, 1;0.85;0.4;0.5, -0.8, -0.6;0, 40, 0;0.3;0,-0.1,-0.1;0, 45, 0;airconditioner;0;TRUE;TRUE;FALSE;FALSE;FALSE;TRUE;FALSE;FALSE;FALSE;FALSE;FALSE;TRUE;FALSE;15;0;1;1;#;1;;0;1;0;1;3;FALSE;FALSE;0;0;Metal;1;1;1;1;;1;1;;-1;FALSE;FALSE;FALSE;0;;0;FALSE;0;;20;20;;;;Hack;18;1;;;;;;1;
CollarBlock;;Items;CollarBlockBehavior;303;0,0,0;-1, 1, -1;1;0.4;0.5, -0.5, -0.6;0, 40, 0;0.4;0,0,0;90, 0, 0;collar;0;;FALSE;FALSE;FALSE;TRUE;FALSE;FALSE;FALSE;FALSE;FALSE;FALSE;FALSE;FALSE;15;0;0;0;;;;;1;0;1;0.5;FALSE;FALSE;0;0;;1;1;1;1;;1;1;;-1;FALSE;FALSE;FALSE;0;;0;FALSE;0;;0;;;;;;;;;;;;213;1;
PoisonBulletBlock;;Weapons;BulletBlockBehavior, PoisonBulletBlockBehavior, ThrowableBlockBehavior;207;0,0,0;0, 0, 1;1;0.4;0.5, -0.5, -0.6;0,0,45;0.3;0,0,0;0, 0, 70;poisonbullet;-1;FALSE;FALSE;FALSE;TRUE;FALSE;FALSE;FALSE;FALSE;FALSE;FALSE;FALSE;FALSE;FALSE;15;0;0;0;;;;;24;0;1;3;FALSE;FALSE;0;0;;1;1;1;0.1;;1;1;;-1;FALSE;FALSE;FALSE;0;0.95;0;FALSE;0;;0;;;;;;;;;;;;229;1;
BigStoneFlameChunkBlock;;Terrain;ThrowableBlockBehavior, BigStoneFlameChunkBlockBehavior;302;0,0,0;0, 0, 1;1;0.4;0.5, -0.5, -0.6;0, 40, 0;0.3;0,0.12,0;0, 0, 0;bigstoneflamechunk;-1;TRUE;FALSE;FALSE;FALSE;FALSE;FALSE;FALSE;FALSE;FALSE;FALSE;TRUE;FALSE;FALSE;15;0;0;0;;1;;0;40;0;1;0.5;FALSE;FALSE;0;0;;1;1;1;1;;1;1;;-1;TRUE;FALSE;FALSE;20;0.8;0.1;TRUE;0;;0;;;;;;;1;;;;;66;1;
BigStonePoisonChunkBlock;;Terrain;ThrowableBlockBehavior, BigStonePoisonChunkBlockBehavior;303;0,0,0;0, 0, 1;1;0.4;0.5, -0.5, -0.6;0, 40, 0;0.3;0,0.12,0;0, 0, 0;bigstonepoisonchunk;-1;TRUE;FALSE;FALSE;FALSE;FALSE;FALSE;FALSE;FALSE;FALSE;FALSE;TRUE;FALSE;FALSE;15;0;0;0;;1;;0;40;0;1;0.5;FALSE;FALSE;0;0;;1;1;1;1;;1;1;;-1;TRUE;FALSE;FALSE;20;0.3;0.1;TRUE;0;;0;;;;;;;1;;;;;66;1;
PoisonBombBlock;;Weapons;ThrowableBlockBehavior, PoisonBombBlockBehavior;209;0,0,0;-1, 0.5, 0;0.85;0.4;0.5, -0.5, -0.6;0, 40, 0;0.25;0,0,0;0, 0, 0;poisonbomb;0;FALSE;FALSE;FALSE;TRUE;FALSE;FALSE;FALSE;FALSE;FALSE;FALSE;FALSE;FALSE;FALSE;15;0;0;0;;;;;1;0;1;1.5;FALSE;FALSE;0;0;;1;1;1;1;;1;1;;-1;TRUE;FALSE;FALSE;20;0.9;0;FALSE;0;;0;;;;;;;1;;;;;211;1;
TargetStickBlock;;Items;TargetStickBlockBehavior;304;0,0,0;-1, 0.5, 0;1.5;0.7;0.5, -0.2, -0.6;0, 40, 0;0.7;0,0.3,0;0, 0, 0;targeterstick;0;FALSE;FALSE;FALSE;FALSE;FALSE;FALSE;FALSE;FALSE;FALSE;FALSE;FALSE;FALSE;FALSE;15;0;0;0;;;;1;1;0;1;3;FALSE;FALSE;0;0;;1;1;1;0;1;0;1;;350;TRUE;FALSE;FALSE;0;;0;FALSE;0;;0;;;;;;;;;;;;212;1;
AntiTanksBulletBlock;;Weapons;BulletBlockBehavior, ImpactExplosivesBlockBehavior, AntiTanksBulletBlockBehavior;207;0,0,0;0, 0, 1;1;0.4;0.5, -0.5, -0.6;0, -70, 0;0.3;0,0,0;0, 0, 45;antitanksbullet;0;FALSE;FALSE;FALSE;TRUE;FALSE;FALSE;FALSE;FALSE;FALSE;FALSE;FALSE;FALSE;FALSE;15;0;0;0;;;;;24;0;1;3;FALSE;FALSE;0;0;;1;1;1;1;;450;1;;-1;TRUE;FALSE;FALSE;50;0.95;0;FALSE;0;;0;;;;;;;;;;;;233;1;
CopperSharpHammerBlock;;Weapons;;200;0,0,0;-1, 0.5, 0;1.0;0.6;0.5, -0.5, -0.6;0, 40, 0;0.55;0,0.4,0;0, 0, 0;coppersharphammer;0;FALSE;FALSE;FALSE;TRUE;FALSE;FALSE;FALSE;FALSE;FALSE;FALSE;FALSE;FALSE;FALSE;15;0;0;0;;;;;1;0;1;1.5;FALSE;FALSE;0;0;;1;1;1;8;0.8;1;3;;50;FALSE;FALSE;FALSE;0;;0;FALSE;0;;0;;;;;;;;;;;;211;1;
IronSharpHammerBlock;;Weapons;;200;0,0,0;-1, 0.5, 0;1.0;0.6;0.5, -0.5, -0.6;0, 40, 0;0.55;0,0.4,0;0, 0, 0;ironsharphammer;0;FALSE;FALSE;FALSE;TRUE;FALSE;FALSE;FALSE;FALSE;FALSE;FALSE;FALSE;FALSE;FALSE;15;0;0;0;;;;;1;0;1;1.5;FALSE;FALSE;0;0;;1;1;1;10;0.8;1;3;;140;FALSE;FALSE;FALSE;0;;0;FALSE;0;;0;;;;;;;;;;;;211;1;
DiamondSharpHammerBlock;;Weapons;;200;0,0,0;-1, 0.5, 0;1.0;0.6;0.5, -0.5, -0.6;0, 40, 0;0.55;0,0.4,0;0, 0, 0;diamondsharphammer;0;FALSE;FALSE;FALSE;TRUE;FALSE;FALSE;FALSE;FALSE;FALSE;FALSE;FALSE;FALSE;FALSE;15;0;0;0;;;;;1;0;1;1.5;FALSE;FALSE;0;0;;1;1;1;950;0.8;1;4;;400;FALSE;FALSE;FALSE;0;;0;FALSE;0;;0;;;;;;;;;;;;211;1;
LavaSharpHammerBlock;;Weapons;;200;0,0,0;-1, 0.5, 0;1.0;0.6;0.5, -0.5, -0.6;0, 40, 0;0.55;0,0.4,0;0, 0, 0;lavasharphammer;0;FALSE;FALSE;FALSE;TRUE;FALSE;FALSE;FALSE;FALSE;FALSE;FALSE;FALSE;FALSE;FALSE;15;0;0;0;;;;;1;0;1;1.5;FALSE;FALSE;0;0;;1;1;1;1650;0.8;1;6;;655;FALSE;FALSE;FALSE;0;;0;FALSE;0;;0;;;;;;;;;;;;211;1;
WoodenLongspearBlock;;Weapons;ThrowableBlockBehavior;199;0,0,0;-1, 0.5, 0;1.10;0.4;0.5, -0.5, -0.6;0, 40, 0;0.4;0,0.2,0;0, 0, 0;woodenlongspear;0;FALSE;FALSE;FALSE;TRUE;FALSE;FALSE;FALSE;FALSE;FALSE;FALSE;FALSE;FALSE;FALSE;15;0;0;0;;;;;1;0;1;0.5;FALSE;FALSE;0;0;;1;1;1;3;0.7;3;1;;35;TRUE;TRUE;TRUE;30;0.9;0.3;FALSE;0;;0;;;;;;;;;;;;211;1;
StoneLongspearBlock;;Weapons;ThrowableBlockBehavior;199;0,0,0;-1, 0.5, 0;1.10;0.4;0.5, -0.5, -0.6;0, 40, 0;0.4;0,0.2,0;0, 0, 0;stonelongspear;0;FALSE;FALSE;FALSE;TRUE;FALSE;FALSE;FALSE;FALSE;FALSE;FALSE;FALSE;FALSE;FALSE;15;0;0;0;;;;;1;0;1;0.5;FALSE;FALSE;0;0;;1;1;1;4;0.7;4;2;;50;TRUE;TRUE;TRUE;30;0.9;0.3;FALSE;0;;0;;;;;;;;;;;;211;1;
CopperLongspearBlock;;Weapons;ThrowableBlockBehavior;199;0,0,0;-1, 0.5, 0;1.10;0.4;0.5, -0.5, -0.6;0, 40, 0;0.4;0,0.2,0;0, 0, 0;copperlongspear;0;FALSE;FALSE;FALSE;TRUE;FALSE;FALSE;FALSE;FALSE;FALSE;FALSE;FALSE;FALSE;FALSE;15;0;0;0;;;;;1;0;1;3;FALSE;FALSE;0;0;;1;1;1;5;0.7;6;3;;80;TRUE;TRUE;TRUE;30;0.9;0.3;FALSE;0;;0;;;;;;;;;;;;211;1;
IronLongspearBlock;;Weapons;ThrowableBlockBehavior;199;0,0,0;-1, 0.5, 0;1.10;0.4;0.5, -0.5, -0.6;0, 40, 0;0.4;0,0.2,0;0, 0, 0;ironlongspear;0;FALSE;FALSE;FALSE;TRUE;FALSE;FALSE;FALSE;FALSE;FALSE;FALSE;FALSE;FALSE;FALSE;15;0;0;0;;;;;1;0;1;3;FALSE;FALSE;0;0;;1;1;1;6;0.7;7;3;;160;TRUE;TRUE;TRUE;30;0.9;0.3;FALSE;0;;0;;;;;;;;;;;;211;1;
DiamondLongspearBlock;;Weapons;ThrowableBlockBehavior;199;0,0,0;-1, 0.5, 0;1.10;0.4;0.5, -0.5, -0.6;0, 40, 0;0.4;0,0.2,0;0, 0, 0;diamondlongspear;0;FALSE;FALSE;FALSE;TRUE;FALSE;FALSE;FALSE;FALSE;FALSE;FALSE;FALSE;FALSE;FALSE;15;0;0;0;;;;;1;0;1;1.5;FALSE;FALSE;0;0;;1;1;1;17;0.7;15;4;;480;TRUE;TRUE;TRUE;30;0.9;0.3;FALSE;0;;0;;;;;;;;;;;;211;1;
LavaLongspearBlock;;Weapons;ThrowableBlockBehavior;199;0,0,0;-1, 0.5, 0;1.10;0.4;0.5, -0.5, -0.6;0, 40, 0;0.4;0,0.2,0;0, 0, 0;lavalongspear;0;FALSE;FALSE;FALSE;TRUE;FALSE;FALSE;FALSE;FALSE;FALSE;FALSE;FALSE;FALSE;FALSE;15;0;0;0;;;;;1;0;1;1.5;FALSE;FALSE;0;0;;1;1;1;25;0.8;25;6;;655;TRUE;TRUE;TRUE;30;0.9;0.3;FALSE;0;;0;;;;;;;;;;;;211;1;
AKBlock;;Weapons;AKBehavior;216;0,0,0;-1, 0.5, 0;0.6;0.4;0.6, -0.5, -0.6;40, 0, 0;0.4;0, 0.05, 0;90, 0, 0;ak47;0;FALSE;FALSE;FALSE;TRUE;FALSE;TRUE;FALSE;FALSE;FALSE;FALSE;FALSE;FALSE;FALSE;15;0;0;0;;;;;1;0;1;3;FALSE;FALSE;0;0;;1;1;1;1;;1;1;;400;TRUE;FALSE;FALSE;0;;0;FALSE;0;;0;;;;;;;;;;;;211;1;
AKBullet;;Weapons;;216;0,0,0;0, 1, 1;0.75;0.5;0.5, -0.5, -0.6;0, -70, 0;0.3;0,0.06,0;0, 0, 0;ak47bullet;0;TRUE;FALSE;FALSE;TRUE;FALSE;FALSE;FALSE;FALSE;FALSE;FALSE;FALSE;FALSE;FALSE;15;0;0;0;;1;;0;40;0;1;0.5;FALSE;FALSE;1;5;;1.5;1.5;1.5;1.5;;1;1;;-1;FALSE;FALSE;FALSE;0;;0;FALSE;0;;;;;;;;;1;;;;;211;1;
M4Block;;Weapons;M4Behavior;217;0,0,0;-1, 0.5, 0;0.6;0.4;0.6, -0.5, -0.6;40, 0, 0;0.4;0, 0.05, 0;90, 0, 0;m16;0;FALSE;FALSE;FALSE;TRUE;FALSE;TRUE;FALSE;FALSE;FALSE;FALSE;FALSE;FALSE;FALSE;15;0;0;0;;;;;1;0;1;3;FALSE;FALSE;0;0;;1;1;1;1;;1;1;;400;TRUE;FALSE;FALSE;0;;0;FALSE;0;;0;;;;;;;;;;;;211;1;
M4Bullet;;Weapons;;217;0,0,0;0, 1, 1;0.75;0.5;0.5, -0.5, -0.6;0, -70, 0;0.3;0,0.06,0;0, 0, 0;m16bullet;0;TRUE;FALSE;FALSE;TRUE;FALSE;FALSE;FALSE;FALSE;FALSE;FALSE;FALSE;FALSE;FALSE;15;0;0;0;;1;;0;40;0;1;0.5;FALSE;FALSE;1;5;;1.5;1.5;1.5;1.5;;1;1;;-1;FALSE;FALSE;FALSE;0;;0;FALSE;0;;;;;;;;;1;;;;;211;1;
SPAS12Block;;Weapons;SPAS12Behavior;218;0,0,0;-1, 0.5, 0;0.6;0.4;0.6, -0.5, -0.6;40, 0, 0;0.4;0, 0.05, 0;90, 0, 0;spas12;0;FALSE;FALSE;FALSE;TRUE;FALSE;TRUE;FALSE;FALSE;FALSE;FALSE;FALSE;FALSE;FALSE;15;0;0;0;;;;;1;0;1;3;FALSE;FALSE;0;0;;1;1;1;1;;1;1;;400;TRUE;FALSE;FALSE;0;;0;FALSE;0;;0;;;;;;;;;;;;211;1;
SPAS12BulletBlock;;Weapons;;218;0,0,0;0, 1, 1;0.75;0.5;0.5, -0.5, -0.6;0, -70, 0;0.3;0,0.06,0;0, 0, 0;spas12bullet;0;TRUE;FALSE;FALSE;TRUE;FALSE;FALSE;FALSE;FALSE;FALSE;FALSE;FALSE;FALSE;FALSE;15;0;0;0;;1;;0;40;0;1;0.5;FALSE;FALSE;1;5;;1.5;1.5;1.5;1.5;;1;1;;-1;FALSE;FALSE;FALSE;0;;0;FALSE;0;;;;;;;;;1;;;;;211;1;
Mac10Block;;Weapons;Mac10Behavior;219;0,0,0;-1, 0.5, 0;0.6;0.4;0.6, -0.5, -0.6;40, 0, 0;0.4;0, 0.05, 0;90, 0, 0;mac10;0;FALSE;FALSE;FALSE;TRUE;FALSE;TRUE;FALSE;FALSE;FALSE;FALSE;FALSE;FALSE;FALSE;15;0;0;0;;;;;1;0;1;3;FALSE;FALSE;0;0;;1;1;1;1;;1;1;;400;TRUE;FALSE;FALSE;0;;0;FALSE;0;;0;;;;;;;;;;;;211;1;
Mac10Bullet;;Weapons;;219;0,0,0;0, 1, 1;0.75;0.5;0.5, -0.5, -0.6;0, -70, 0;0.3;0,0.06,0;0, 0, 0;mac10bullet;0;TRUE;FALSE;FALSE;TRUE;FALSE;FALSE;FALSE;FALSE;FALSE;FALSE;FALSE;FALSE;FALSE;15;0;0;0;;1;;0;40;0;1;0.5;FALSE;FALSE;1;5;;1.5;1.5;1.5;1.5;;1;1;;-1;FALSE;FALSE;FALSE;0;;0;FALSE;0;;;;;;;;;1;;;;;211;1;
UziBlock;;Weapons;UziBehavior;220;0,0,0;-1, 0.5, 0;0.6;0.4;0.6, -0.5, -0.6;40, 0, 0;0.4;0, 0.05, 0;90, 0, 0;uzi;0;FALSE;FALSE;FALSE;TRUE;FALSE;TRUE;FALSE;FALSE;FALSE;FALSE;FALSE;FALSE;FALSE;15;0;0;0;;;;;1;0;1;3;FALSE;FALSE;0;0;;1;1;1;1;;1;1;;400;TRUE;FALSE;FALSE;0;;0;FALSE;0;;0;;;;;;;;;;;;211;1;
UziBullet;;Weapons;;220;0,0,0;0, 1, 1;0.75;0.5;0.5, -0.5, -0.6;0, -70, 0;0.3;0,0.06,0;0, 0, 0;uzibullet;0;TRUE;FALSE;FALSE;TRUE;FALSE;FALSE;FALSE;FALSE;FALSE;FALSE;FALSE;FALSE;FALSE;15;0;0;0;;1;;0;40;0;1;0.5;FALSE;FALSE;1;5;;1.5;1.5;1.5;1.5;;1;1;;-1;FALSE;FALSE;FALSE;0;;0;FALSE;0;;;;;;;;;1;;;;;211;1;
G3Block;;Weapons;G3Behavior;221;0,0,0;-1, 0.5, 0;0.6;0.4;0.6, -0.5, -0.6;40, 0, 0;0.4;0, 0.05, 0;90, 0, 0;fx;0;FALSE;FALSE;FALSE;TRUE;FALSE;TRUE;FALSE;FALSE;FALSE;FALSE;FALSE;FALSE;FALSE;15;0;0;0;;;;;1;0;1;3;FALSE;FALSE;0;0;;1;1;1;1;;1;1;;400;TRUE;FALSE;FALSE;0;;0;FALSE;0;;0;;;;;;;;;;;;211;1;
G3Bullet;;Weapons;;221;0,0,0;0, 1, 1;0.75;0.5;0.5, -0.5, -0.6;0, -70, 0;0.3;0,0.06,0;0, 0, 0;fxbullet;0;TRUE;FALSE;FALSE;TRUE;FALSE;FALSE;FALSE;FALSE;FALSE;FALSE;FALSE;FALSE;FALSE;15;0;0;0;;1;;0;40;0;1;0.5;FALSE;FALSE;1;5;;1.5;1.5;1.5;1.5;;1;1;;-1;FALSE;FALSE;FALSE;0;;0;FALSE;0;;;;;;;;;1;;;;;211;1;
MinigunBlock;;Weapons;MinigunBehavior;222;0,0,0;-1, 0.5, 0;0.6;0.4;0.6, -0.5, -0.6;40, 0, 0;0.4;0, 0.05, 0;90, 0, 0;minigun;0;FALSE;FALSE;FALSE;TRUE;FALSE;TRUE;FALSE;FALSE;FALSE;FALSE;FALSE;FALSE;FALSE;15;0;0;0;;;;;1;0;1;3;FALSE;FALSE;0;0;;1;1;1;1;;1;1;;400;TRUE;FALSE;FALSE;0;;0;FALSE;0;;0;;;;;;;;;;;;211;1;
MinigunBullet;;Weapons;;222;0,0,0;0, 1, 1;0.75;0.5;0.5, -0.5, -0.6;0, -70, 0;0.3;0,0.06,0;0, 0, 0;minigunbullet;0;TRUE;FALSE;FALSE;TRUE;FALSE;FALSE;FALSE;FALSE;FALSE;FALSE;FALSE;FALSE;FALSE;15;0;0;0;;1;;0;40;0;1;0.5;FALSE;FALSE;1;5;;1.5;1.5;1.5;1.5;;1;1;;-1;FALSE;FALSE;FALSE;0;;0;FALSE;0;;;;;;;;;1;;;;;211;1;
Izh43Block;;Weapons;Izh43Behavior;223;0,0,0;-1, 0.5, 0;0.6;0.4;0.6, -0.5, -0.6;40, 0, 0;0.4;0, 0.05, 0;90, 0, 0;izh43;0;FALSE;FALSE;FALSE;TRUE;FALSE;TRUE;FALSE;FALSE;FALSE;FALSE;FALSE;FALSE;FALSE;15;0;0;0;;;;;1;0;1;3;FALSE;FALSE;0;0;;1;1;1;1;;1;1;;400;TRUE;FALSE;FALSE;0;;0;FALSE;0;;0;;;;;;;;;;;;211;1;
Izh43Bullet;;Weapons;;223;0,0,0;0, 1, 1;0.75;0.5;0.5, -0.5, -0.6;0, -70, 0;0.3;0,0.06,0;0, 0, 0;izh43bullet;0;TRUE;FALSE;FALSE;TRUE;FALSE;FALSE;FALSE;FALSE;FALSE;FALSE;FALSE;FALSE;FALSE;15;0;0;0;;1;;0;40;0;1;0.5;FALSE;FALSE;1;5;;1.5;1.5;1.5;1.5;;1;1;;-1;FALSE;FALSE;FALSE;0;;0;FALSE;0;;;;;;;;;1;;;;;211;1;
SWM500Block;;Weapons;SWM500Behavior;224;0,0,0;-1, 0.5, 0;0.6;0.4;0.6, -0.5, -0.6;40, 0, 0;0.4;0, 0.05, 0;90, 0, 0;deserteagle;0;FALSE;FALSE;FALSE;TRUE;FALSE;TRUE;FALSE;FALSE;FALSE;FALSE;FALSE;FALSE;FALSE;15;0;0;0;;;;;1;0;1;3;FALSE;FALSE;0;0;;1;1;1;1;;1;1;;400;TRUE;FALSE;FALSE;0;;0;FALSE;0;;0;;;;;;;;;;;;211;1;
SWM500Bullet;;Weapons;;224;0,0,0;0, 1, 1;0.75;0.5;0.5, -0.5, -0.6;0, -70, 0;0.3;0,0.06,0;0, 0, 0;deserteaglebullet;0;TRUE;FALSE;FALSE;TRUE;FALSE;FALSE;FALSE;FALSE;FALSE;FALSE;FALSE;FALSE;FALSE;15;0;0;0;;1;;0;40;0;1;0.5;FALSE;FALSE;1;5;;1.5;1.5;1.5;1.5;;1;1;;-1;FALSE;FALSE;FALSE;0;;0;FALSE;0;;;;;;;;;1;;;;;211;1;
SniperBlock;;Weapons;SniperBehavior;225;0,0,0;-1, 0.5, 0;0.6;0.4;0.6, -0.5, -0.6;40, 0, 0;0.4;0, 0.05, 0;90, 0, 0;sniper;0;FALSE;FALSE;FALSE;TRUE;FALSE;TRUE;FALSE;FALSE;FALSE;FALSE;FALSE;FALSE;FALSE;15;0;0;0;;;;;1;0;1;3;FALSE;FALSE;0;0;;1;1;1;1;;1;1;;400;TRUE;FALSE;FALSE;0;;0;FALSE;0;;0;;;;;;;;;;;;211;1;
SniperBullet;;Weapons;;225;0,0,0;0, 1, 1;0.75;0.5;0.5, -0.5, -0.6;0, -70, 0;0.3;0,0.06,0;0, 0, 0;sniperbullet;0;TRUE;FALSE;FALSE;TRUE;FALSE;FALSE;FALSE;FALSE;FALSE;FALSE;FALSE;FALSE;FALSE;15;0;0;0;;1;;0;40;0;1;0.5;FALSE;FALSE;1;5;;1.5;1.5;1.5;1.5;;1;1;;-1;FALSE;FALSE;FALSE;0;;0;FALSE;0;;;;;;;;;1;;;;;211;1;
AUGBlock;;Weapons;AUGBehavior;226;0,0,0;-1, 0.5, 0;0.6;0.4;0.6, -0.5, -0.6;40, 0, 0;0.4;0, 0.05, 0;90, 0, 0;aug;0;FALSE;FALSE;FALSE;TRUE;FALSE;TRUE;FALSE;FALSE;FALSE;FALSE;FALSE;FALSE;FALSE;15;0;0;0;;;;;1;0;1;3;FALSE;FALSE;0;0;;1;1;1;1;;1;1;;400;TRUE;FALSE;FALSE;0;;0;FALSE;0;;0;;;;;;;;;;;;211;1;
AUGBullet;;Weapons;;226;0,0,0;0, 1, 1;0.75;0.5;0.5, -0.5, -0.6;0, -70, 0;0.3;0,0.06,0;0, 0, 0;augbullet;0;TRUE;FALSE;FALSE;TRUE;FALSE;FALSE;FALSE;FALSE;FALSE;FALSE;FALSE;FALSE;FALSE;15;0;0;0;;1;;0;40;0;1;0.5;FALSE;FALSE;1;5;;1.5;1.5;1.5;1.5;;1;1;;-1;FALSE;FALSE;FALSE;0;;0;FALSE;0;;;;;;;;;1;;;;;211;1;
P90Block;;Weapons;P90Behavior;227;0,0,0;-1, 0.5, 0;0.6;0.4;0.6, -0.5, -0.6;40, 0, 0;0.4;0, 0.05, 0;90, 0, 0;p90;0;FALSE;FALSE;FALSE;TRUE;FALSE;TRUE;FALSE;FALSE;FALSE;FALSE;FALSE;FALSE;FALSE;15;0;0;0;;;;;1;0;1;3;FALSE;FALSE;0;0;;1;1;1;1;;1;1;;400;TRUE;FALSE;FALSE;0;;0;FALSE;0;;0;;;;;;;;;;;;211;1;
P90BulletBlock;;Weapons;;227;0,0,0;0, 1, 1;0.75;0.5;0.5, -0.5, -0.6;0, -70, 0;0.3;0,0.06,0;0, 0, 0;p90bullet;0;TRUE;FALSE;FALSE;TRUE;FALSE;FALSE;FALSE;FALSE;FALSE;FALSE;FALSE;FALSE;FALSE;15;0;0;0;;1;;0;40;0;1;0.5;FALSE;FALSE;1;5;;1.5;1.5;1.5;1.5;;1;1;;-1;FALSE;FALSE;FALSE;0;;0;FALSE;0;;;;;;;;;1;;;;;211;1;
SCARBlock;;Weapons;SCARBehavior;228;0,0,0;-1, 0.5, 0;0.7;0.4;0.6, -0.5, -0.6;40, 0, 0;0.4;0, 0.05, 0;90, 0, 0;scar;0;FALSE;FALSE;FALSE;TRUE;FALSE;TRUE;FALSE;FALSE;FALSE;FALSE;FALSE;FALSE;FALSE;15;0;0;0;;;;;1;0;1;3;FALSE;FALSE;0;0;;1;1;1;1;;1;1;;400;TRUE;FALSE;FALSE;0;;0;FALSE;0;;0;;;;;;;;;;;;211;1;
SCARBulletBlock;;Weapons;;228;0,0,0;0, 1, 1;0.75;0.5;0.5, -0.5, -0.6;0, -70, 0;0.3;0,0.06,0;0, 0, 0;scarbullet;0;TRUE;FALSE;FALSE;TRUE;FALSE;FALSE;FALSE;FALSE;FALSE;FALSE;FALSE;FALSE;FALSE;15;0;0;0;;1;;0;40;0;1;0.5;FALSE;FALSE;1;5;;1.5;1.5;1.5;1.5;;1;1;;-1;FALSE;FALSE;FALSE;0;;0;FALSE;0;;;;;;;;;1;;;;;211;1;
RevolverBlock;;Weapons;RevolverBehavior;229;0,0,0;-1, 0.5, 0;0.6;0.4;0.6, -0.5, -0.6;40, 0, 0;0.4;0, 0.05, 0;90, 0, 0;revolver;0;FALSE;FALSE;FALSE;TRUE;FALSE;TRUE;FALSE;FALSE;FALSE;FALSE;FALSE;FALSE;FALSE;15;0;0;0;;;;;1;0;1;3;FALSE;FALSE;0;0;;1;1;1;1;;1;1;;400;TRUE;FALSE;FALSE;0;;0;FALSE;0;;0;;;;;;;;;;;;211;1;
RevolverBulletBlock;;Weapons;;229;0,0,0;0, 1, 1;0.75;0.5;0.5, -0.5, -0.6;0, -70, 0;0.3;0,0.06,0;0, 0, 0;revolverbullet;0;TRUE;FALSE;FALSE;TRUE;FALSE;FALSE;FALSE;FALSE;FALSE;FALSE;FALSE;FALSE;FALSE;15;0;0;0;;1;;0;40;0;1;0.5;FALSE;FALSE;1;5;;1.5;1.5;1.5;1.5;;1;1;;-1;FALSE;FALSE;FALSE;0;;0;FALSE;0;;;;;;;;;1;;;;;211;1;
FamasBlock;;Weapons;FamasBehavior;230;0,0,0;-1, 0.5, 0;0.6;0.4;0.6, -0.5, -0.6;40, 0, 0;0.4;0, 0.05, 0;90, 0, 0;famas;0;FALSE;FALSE;FALSE;TRUE;FALSE;TRUE;FALSE;FALSE;FALSE;FALSE;FALSE;FALSE;FALSE;15;0;0;0;;;;;1;0;1;3;FALSE;FALSE;0;0;;1;1;1;1;;1;1;;400;TRUE;FALSE;FALSE;0;;0;FALSE;0;;0;;;;;;;;;;;;211;1;
FamasBulletBlock;;Weapons;;230;0,0,0;0, 1, 1;0.75;0.5;0.5, -0.5, -0.6;0, -70, 0;0.3;0,0.06,0;0, 0, 0;famasbullet;0;TRUE;FALSE;FALSE;TRUE;FALSE;FALSE;FALSE;FALSE;FALSE;FALSE;FALSE;FALSE;FALSE;15;0;0;0;;1;;0;40;0;1;0.5;FALSE;FALSE;1;5;;1.5;1.5;1.5;1.5;;1;1;;-1;FALSE;FALSE;FALSE;0;;0;FALSE;0;;;;;;;;;1;;;;;211;1;
AA12Block;;Weapons;AA12Behavior;231;0,0,0;-1, 0.5, 0;0.6;0.4;0.6, -0.5, -0.6;40, 0, 0;0.4;0, 0.05, 0;90, 0, 0;aa12;0;FALSE;FALSE;FALSE;TRUE;FALSE;TRUE;FALSE;FALSE;FALSE;FALSE;FALSE;FALSE;FALSE;15;0;0;0;;;;;1;0;1;3;FALSE;FALSE;0;0;;1;1;1;1;;1;1;;400;TRUE;FALSE;FALSE;0;;0;FALSE;0;;0;;;;;;;;;;;;211;1;
AA12BulletBlock;;Weapons;;231;0,0,0;0, 1, 1;0.75;0.5;0.5, -0.5, -0.6;0, -70, 0;0.3;0,0.06,0;0, 0, 0;aa12bullet;0;TRUE;FALSE;FALSE;TRUE;FALSE;FALSE;FALSE;FALSE;FALSE;FALSE;FALSE;FALSE;FALSE;15;0;0;0;;1;;0;40;0;1;0.5;FALSE;FALSE;1;5;;1.5;1.5;1.5;1.5;;1;1;;-1;FALSE;FALSE;FALSE;0;;0;FALSE;0;;;;;;;;;1;;;;;211;1;
M249Block;;Weapons;M249Behavior;232;0,0,0;-1, 0.5, 0;0.6;0.4;0.6, -0.5, -0.6;40, 0, 0;0.4;0, 0.05, 0;90, 0, 0;m249;0;FALSE;FALSE;FALSE;TRUE;FALSE;TRUE;FALSE;FALSE;FALSE;FALSE;FALSE;FALSE;FALSE;15;0;0;0;;;;;1;0;1;3;FALSE;FALSE;0;0;;1;1;1;1;;1;1;;400;TRUE;FALSE;FALSE;0;;0;FALSE;0;;0;;;;;;;;;;;;211;1;
M249BulletBlock;;Weapons;;232;0,0,0;0, 1, 1;0.75;0.5;0.5, -0.5, -0.6;0, -70, 0;0.3;0,0.06,0;0, 0, 0;m249bullet;0;TRUE;FALSE;FALSE;TRUE;FALSE;FALSE;FALSE;FALSE;FALSE;FALSE;FALSE;FALSE;FALSE;15;0;0;0;;1;;0;40;0;1;0.5;FALSE;FALSE;1;5;;1.5;1.5;1.5;1.5;;1;1;;-1;FALSE;FALSE;FALSE;0;;0;FALSE;0;;;;;;;;;1;;;;;211;1;
NewG3Block;;Weapons;NewG3Behavior;381;0,0,0;-1, 0.5, 0;0.6;0.4;0.6, -0.5, -0.6;40, 0, 0;0.4;0, 0.05, 0;90, 0, 0;g3;0;FALSE;FALSE;FALSE;TRUE;FALSE;TRUE;FALSE;FALSE;FALSE;FALSE;FALSE;FALSE;FALSE;15;0;0;0;;;;;1;0;1;3;FALSE;FALSE;0;0;;1;1;1;1;;1;1;;400;TRUE;FALSE;FALSE;0;;0;FALSE;0;;0;;;;;;;;;;;;211;1;
NewG3Bullet;;Weapons;;382;0,0,0;0, 1, 1;0.75;0.5;0.5, -0.5, -0.6;0, -70, 0;0.3;0,0.06,0;0, 0, 0;g3bullet;0;TRUE;FALSE;FALSE;TRUE;FALSE;FALSE;FALSE;FALSE;FALSE;FALSE;FALSE;FALSE;FALSE;15;0;0;0;;1;;0;40;0;1;0.5;FALSE;FALSE;1;5;;1.5;1.5;1.5;1.5;;1;1;;-1;FALSE;FALSE;FALSE;0;;0;FALSE;0;;;;;;;;;1;;;;;211;1;
MP5SSDBlock;;Weapons;MP5SSDBehavior;383;0,0,0;-1, 0.5, 0;0.6;0.4;0.6, -0.5, -0.6;40, 0, 0;0.4;0, 0.05, 0;90, 0, 0;mp5ssd;0;FALSE;FALSE;FALSE;TRUE;FALSE;TRUE;FALSE;FALSE;FALSE;FALSE;FALSE;FALSE;FALSE;15;0;0;0;;;;;1;0;1;3;FALSE;FALSE;0;0;;1;1;1;1;;1;1;;400;TRUE;FALSE;FALSE;0;;0;FALSE;0;;0;;;;;;;;;;;;211;1;
MP5SSDBulletBlock;;Weapons;;384;0,0,0;0, 1, 1;0.75;0.5;0.5, -0.5, -0.6;0, -70, 0;0.3;0,0.06,0;0, 0, 0;mp5ssdbullet;0;TRUE;FALSE;FALSE;TRUE;FALSE;FALSE;FALSE;FALSE;FALSE;FALSE;FALSE;FALSE;FALSE;15;0;0;0;;1;;0;40;0;1;0.5;FALSE;FALSE;1;5;;1.5;1.5;1.5;1.5;;1;1;;-1;FALSE;FALSE;FALSE;0;;0;FALSE;0;;;;;;;;;1;;;;;211;1;
MendozaBlock;;Weapons;MendozaBehavior;385;0,0,0;-1, 0.5, 0;0.6;0.4;0.6, -0.5, -0.6;40, 0, 0;0.4;0, 0.05, 0;90, 0, 0;mendoza;0;FALSE;FALSE;FALSE;TRUE;FALSE;TRUE;FALSE;FALSE;FALSE;FALSE;FALSE;FALSE;FALSE;15;0;0;0;;;;;1;0;1;3;FALSE;FALSE;0;0;;1;1;1;1;;1;1;;400;TRUE;FALSE;FALSE;0;;0;FALSE;0;;0;;;;;;;;;;;;211;1;
MendozaBulletBlock;;Weapons;;386;0,0,0;0, 1, 1;0.75;0.5;0.5, -0.5, -0.6;0, -70, 0;0.3;0,0.06,0;0, 0, 0;mendozabullet;0;TRUE;FALSE;FALSE;TRUE;FALSE;FALSE;FALSE;FALSE;FALSE;FALSE;FALSE;FALSE;FALSE;15;0;0;0;;1;;0;40;0;1;0.5;FALSE;FALSE;1;5;;1.5;1.5;1.5;1.5;;1;1;;-1;FALSE;FALSE;FALSE;0;;0;FALSE;0;;;;;;;;;1;;;;;211;1;
GrozaBlock;;Weapons;GrozaBehavior;387;0,0,0;-1, 0.5, 0;0.6;0.4;0.6, -0.5, -0.6;40, 0, 0;0.4;0, 0.05, 0;90, 0, 0;groza;0;FALSE;FALSE;FALSE;TRUE;FALSE;TRUE;FALSE;FALSE;FALSE;FALSE;FALSE;FALSE;FALSE;15;0;0;0;;;;;1;0;1;3;FALSE;FALSE;0;0;;1;1;1;1;;1;1;;400;TRUE;FALSE;FALSE;0;;0;FALSE;0;;0;;;;;;;;;;;;211;1;
GrozaBulletBlock;;Weapons;;388;0,0,0;0, 1, 1;0.75;0.5;0.5, -0.5, -0.6;0, -70, 0;0.3;0,0.06,0;0, 0, 0;gozabullet;0;TRUE;FALSE;FALSE;TRUE;FALSE;FALSE;FALSE;FALSE;FALSE;FALSE;FALSE;FALSE;FALSE;15;0;0;0;;1;;0;40;0;1;0.5;FALSE;FALSE;1;5;;1.5;1.5;1.5;1.5;;1;1;;-1;FALSE;FALSE;FALSE;0;;0;FALSE;0;;;;;;;;;1;;;;;211;1;
BaseballBatBlock;;Weapons;;199;0,0,0;-1, 0.5, 0;0.85;0.4;0.5, -0.5, -0.6;0, 40, 0;0.4;0,0.2,0;0, 0, 0;baseballbat;0;FALSE;FALSE;FALSE;TRUE;FALSE;FALSE;FALSE;FALSE;FALSE;FALSE;FALSE;FALSE;FALSE;15;0;0;0;;;;;1;0;1;1.5;FALSE;FALSE;0;0;;1;1;1;8;0.8;9;3;;80;FALSE;FALSE;FALSE;0;0;0;FALSE;0;;0;;;;;;;;;;;;211;1;
AntidoteBucketBlock;;Food;AntidoteBucketBlockBehavior;231;0,0,0;1, 1, 1;1;0.4;0.5, -0.5, -0.6;0, 40, 0;0.35;0,0.05,-0.15;60, 0, 0;antidotebucket;0;FALSE;FALSE;FALSE;TRUE;FALSE;FALSE;FALSE;FALSE;FALSE;FALSE;FALSE;FALSE;FALSE;15;0;0;0;;;;;1;0;1;3;FALSE;FALSE;0;0;;1;1;1;1;;1;1;;-1;FALSE;FALSE;FALSE;0;;0;FALSE;0;;0;;;;;;;;;;;;63;1;
TeaAntifluBucketBlock;;Food;TeaAntifluBucketBlockBehavior;231;0,0,0;1, 1, 1;1;0.4;0.5, -0.5, -0.6;0, 40, 0;0.35;0,0.05,-0.15;60, 0, 0;teaantiflubucket;0;FALSE;FALSE;FALSE;TRUE;FALSE;FALSE;FALSE;FALSE;FALSE;FALSE;FALSE;FALSE;FALSE;15;0;0;0;;;;;1;0;1;3;FALSE;FALSE;0;0;;1;1;1;1;;1;1;;-1;FALSE;FALSE;FALSE;0;;0;FALSE;0;;0;;;;;;;;;;;;63;1;
KABlock;;Weapons;KABehavior;389;0,0,0;-1, 0.5, 0;0.6;0.4;0.6, -0.5, -0.6;40, 0, 0;0.4;0, 0.05, 0;90, 0, 0;ka;0;FALSE;FALSE;FALSE;TRUE;FALSE;TRUE;FALSE;FALSE;FALSE;FALSE;FALSE;FALSE;FALSE;15;0;0;0;;;;;1;0;1;3;FALSE;FALSE;0;0;;1;1;1;1;;1;1;;400;TRUE;FALSE;FALSE;0;;0;FALSE;0;;0;;;;;;;;;;;;211;1;
KABulletBlock;;Weapons;;390;0,0,0;0, 1, 1;0.75;0.5;0.5, -0.5, -0.6;0, -70, 0;0.3;0,0.06,0;0, 0, 0;gozabullet;0;TRUE;FALSE;FALSE;TRUE;FALSE;FALSE;FALSE;FALSE;FALSE;FALSE;FALSE;FALSE;FALSE;15;0;0;0;;1;;0;40;0;1;0.5;FALSE;FALSE;1;5;;1.5;1.5;1.5;0.1;;1;1;;-1;FALSE;FALSE;FALSE;0;;0;FALSE;0;;;;;;;;;1;;;;;211;1;
FireBulletBlock;;Weapons;BulletBlockBehavior, FireBulletBlockBehavior, ThrowableBlockBehavior;207;0,0,0;0, 0, 1;1;0.4;0.5, -0.5, -0.6;0, -70, 0;0.3;0,0,0;0, 0, 45;firebullet;0;FALSE;FALSE;FALSE;TRUE;FALSE;FALSE;FALSE;FALSE;FALSE;FALSE;FALSE;FALSE;FALSE;15;0;0;0;;;;;24;0;1;3;FALSE;FALSE;0;0;;1;1;1;0.1;;80;1;;-1;FALSE;FALSE;FALSE;0;0.95;0;TRUE;0;;0;;;;;;;;;;;;229;1;
MediumFirstAidKitBlock;;Items;MediumFirstAidKitBlockBehavior;305;0,0,0;0,0,1;0.5;0.4;0.5,-0.5,-0.6;0,0,0;0.3;0,0.2,0;0,0,0;mediumfirstaidkit;0;FALSE;FALSE;FALSE;TRUE;FALSE;FALSE;FALSE;FALSE;FALSE;FALSE;FALSE;FALSE;FALSE;15;0;0;0;;;;;1;0;1;3;FALSE;FALSE;0;0;;1;1;1;1;;1;1;;-1;FALSE;FALSE;FALSE;0;;0;FALSE;0;;0;;;;;;;;;;;;211;1;
LargeFirstAidKitBlock;;Items;LargeFirstAidKitBlockBehavior;306;0,0,0;0,0,1;0.5;0.4;0.5,-0.5,-0.6;0,0,0;0.3;0,0.2,0;0,0,0;largefirstaidkit;0;FALSE;FALSE;FALSE;TRUE;FALSE;FALSE;FALSE;FALSE;FALSE;FALSE;FALSE;FALSE;FALSE;15;0;0;0;;;;;1;0;1;3;FALSE;FALSE;0;0;;1;1;1;1;;1;1;;-1;FALSE;FALSE;FALSE;0;;0;FALSE;0;;0;;;;;;;;;;;;211;1;
ToxinBlock;;Items;;307;0,0,0;0,0,1;0.5;0.4;0.5,-0.5,-0.6;0,0,0;0.3;0,0.2,0;0,0,0;toxin;0;FALSE;FALSE;FALSE;TRUE;FALSE;FALSE;FALSE;FALSE;FALSE;FALSE;FALSE;FALSE;FALSE;15;0;0;0;;;;;1;0;1;3;FALSE;FALSE;0;0;;1;1;1;1;;1;1;;-1;FALSE;FALSE;FALSE;0;;0;FALSE;0;;0;;;;;;;;;;;;211;1;
NuclearCoinBlock;;Items;;308;0,0,0;0,0,1;0.5;0.4;0.5,-0.5,-0.6;0,0,0;0.3;0,0.2,0;0,0,0;nuclearcoin;0;FALSE;FALSE;FALSE;TRUE;FALSE;FALSE;FALSE;FALSE;FALSE;FALSE;FALSE;FALSE;FALSE;15;0;0;0;;;;;1;0;1;3;FALSE;FALSE;0;0;;1;1;1;1;;1;1;;-1;FALSE;FALSE;FALSE;0;;0;FALSE;0;;0;;;;;;;;;;;;211;1;
BK43Block;;Weapons;BK43Behavior;391;0,0,0;-1, 0.5, 0;0.6;0.4;0.6, -0.5, -0.6;40, 0, 0;0.4;0, 0.05, 0;90, 0, 0;bk43;0;FALSE;FALSE;FALSE;TRUE;FALSE;TRUE;FALSE;FALSE;FALSE;FALSE;FALSE;FALSE;FALSE;15;0;0;0;;;;;1;0;1;3;FALSE;FALSE;0;0;;1;1;1;1;;1;1;;400;TRUE;FALSE;FALSE;0;;0;FALSE;0;;0;;;;;;;;;;;;211;1;
BK43BulletBlock;;Weapons;;392;0,0,0;0, 1, 1;0.75;0.5;0.5, -0.5, -0.6;0, -70, 0;0.3;0,0.06,0;0, 0, 0;bk43bullet;0;TRUE;FALSE;FALSE;TRUE;FALSE;FALSE;FALSE;FALSE;FALSE;FALSE;FALSE;FALSE;FALSE;15;0;0;0;;1;;0;40;0;1;0.5;FALSE;FALSE;1;5;;1.5;1.5;1.5;0.1;;1;1;;-1;FALSE;FALSE;FALSE;0;;0;FALSE;0;;;;;;;;;1;;;;;211;1;
RemoteControlBlock;;Items;RemoteControlBlockBehavior;400;0,0,0;0,0,1;0.5;0.4;0.5,-0.5,-0.6;0,0,0;0.4;0,0.2,0;0,0,0;remotecontrol;0;FALSE;FALSE;FALSE;TRUE;FALSE;FALSE;FALSE;FALSE;FALSE;FALSE;FALSE;FALSE;FALSE;15;0;0;0;;;;;1;0;1;3;FALSE;FALSE;0;0;;1;1;1;1;;1;1;;-1;FALSE;FALSE;FALSE;0;;0;FALSE;0;;0;;;;;;;;;;;;211;1;
;;;;;;;;;;;;;;;;;;;;;;;;;;;;;;;;;;;;;;;;;;;;;;;;;;;;;;;;;;;;;;;;;;;;;;;;;;;;;;
NuevaBala;;Weapons;ImpactExplosivesBlockBehavior;207;0,0,0;0, 0, 1;1;0.4;0.5, -0.5, -0.6;0, -70, 0;0.3;0,0,0;0, 0, 45;;-1;FALSE;FALSE;FALSE;TRUE;FALSE;FALSE;FALSE;FALSE;FALSE;FALSE;FALSE;FALSE;FALSE;15;0;0;0;;;;;24;0;1;3;FALSE;FALSE;0;0;;1;1;1;1;;6.3;1;;-1;FALSE;FALSE;FALSE;0;0.95;0;TRUE;0;;0;;;;;;;;;;;;229;1;
NuevaBala2;;Weapons;ImpactExplosivesBlockBehavior;207;0,0,0;0, 0, 1;1;0.4;0.5, -0.5, -0.6;0, -70, 0;0.3;0,0,0;0, 0, 45;;-1;FALSE;FALSE;FALSE;TRUE;FALSE;FALSE;FALSE;FALSE;FALSE;FALSE;FALSE;FALSE;FALSE;15;0;0;0;;;;;24;0;1;3;FALSE;FALSE;0;0;;1;1;1;1;;4.2;1;;-1;FALSE;FALSE;FALSE;0;0.95;0;TRUE;0;;0;;;;;;;;;;;;229;1;
NuevaBala3;;Weapons;ImpactExplosivesBlockBehavior;207;0,0,0;0, 0, 1;1;0.4;0.5, -0.5, -0.6;0, -70, 0;0.3;0,0,0;0, 0, 45;;-1;FALSE;FALSE;FALSE;TRUE;FALSE;FALSE;FALSE;FALSE;FALSE;FALSE;FALSE;FALSE;FALSE;15;0;0;0;;;;;24;0;1;3;FALSE;FALSE;0;0;;1;1;1;1;;7.5;1;;-1;FALSE;FALSE;FALSE;0;0.95;0;TRUE;0;;0;;;;;;;;;;;;229;1;
NuevaBala4;;Weapons;ImpactExplosivesBlockBehavior;207;0,0,0;0, 0, 1;1;0.4;0.5, -0.5, -0.6;0, -70, 0;0.3;0,0,0;0, 0, 45;;-1;FALSE;FALSE;FALSE;TRUE;FALSE;FALSE;FALSE;FALSE;FALSE;FALSE;FALSE;FALSE;FALSE;15;0;0;0;;;;;24;0;1;3;FALSE;FALSE;0;0;;1;1;1;1;;15;1;;-1;FALSE;FALSE;FALSE;0;0.95;0;TRUE;0;;0;;;;;;;;;;;;229;1;
NuevaBala5;;Weapons;ImpactExplosivesBlockBehavior;207;0,0,0;0, 0, 1;1;0.4;0.5, -0.5, -0.6;0, -70, 0;0.3;0,0,0;0, 0, 45;;-1;FALSE;FALSE;FALSE;TRUE;FALSE;FALSE;FALSE;FALSE;FALSE;FALSE;FALSE;FALSE;FALSE;15;0;0;0;;;;;24;0;1;3;FALSE;FALSE;0;0;;1;1;1;1;;5;1;;-1;FALSE;FALSE;FALSE;0;0.95;0;TRUE;0;;0;;;;;;;;;;;;229;1;
NuevaBala6;;Weapons;ImpactExplosivesBlockBehavior;207;0,0,0;0, 0, 1;1;0.4;0.5, -0.5, -0.6;0, -70, 0;0.3;0,0,0;0, 0, 45;;-1;FALSE;FALSE;FALSE;TRUE;FALSE;FALSE;FALSE;FALSE;FALSE;FALSE;FALSE;FALSE;FALSE;15;0;0;0;;;;;24;0;1;3;FALSE;FALSE;0;0;;1;1;1;1;;180;1;;-1;FALSE;FALSE;FALSE;0;0.95;0;TRUE;0;;0;;;;;;;;;;;;229;1;
